Words,Frequency
#foodtalkindia,14
#dilsefoodie,12
#dilsecouple,12
#foodiesofindia,12
#foodblogger,12
#delicious,12
#yummy,12
#instafood,12
#discover,12
#food,11
#foodie,9
#delhi,5
#yourfoodlab,4
#foodporn,4
#sanjyotkeer,4
#vday,3
#NewInTown,3
#jamieolivers,3
#valentinesday,3
#SuperchefGrudgeMatch,2
#DDD,2
#Chopped,2
#Sushi,2
#Japan,2
#wine,2
#Food,2
#goanfish,2
#momos,2
#galentinesday,2
#nowopen,2
#GiveawayAlert,2
#giveaway,2
#ContestGiveaway,2
#drinks,2
#GuysRanchKitchen,1
#KidsBakingChampionship,1
#discoveryplus,1
#MaryMakesItEasy,1
#FoodNetworkObsessed,1
#TournamentOfChampions,1
#LFG,1
#insiderfood,1
#india,1
#bread,1
#howitsmade,1
#fuddhascore,1
#SushiTerrorism,1
#chickfila,1
#plantbased,1
#fastfood,1
#chikFilHate,1
#sideOfBigotry,1
#SuperBowl,1
#MexicanPizza,1
#TacoBell,1
#eagles,1
#football,1
#athletemeals,1
#lanejohnson,1
#superbowl,1
#SushiTerror,1
#TheLastofUs,1
#TLOU,1
#mcdonalds,1
#travel,1
#mcflurries,1
#NancyPelosi,1
#HotDogs,1
#Politics,1
#pasta,1
#recipes,1
#GordonRamsay,1
#quickmeals,1
#EmilyInParis,1
#Netflix,1
#Travel,1
#thatteidli,1
#railwaycutlets,1
#chickenkalimirchtikka,1
#granola,1
#YFL,1
#YourFoodLab,1
#SanjyotKeer,1
#WinterRecipes,1
#delhifood,1
#latenight,1
#sadigaddi,1
#xerodegrees,1
#janpath,1
#bharatpur,1
#milkcake,1
#copycatsaini,1
#cloudkitchens,1
#homemadegoodness,1
#cuisines,1
#ladureeindia,1
#loveladuree,1
#monthoflove,1
#khanmarket,1
#desserts,1
#missmargarita,1
#goa,1
#mexican,1
#margaritas,1
#tequila,1
#grill,1
#jamies,1
#burger,1
#meal,1
#Gurgaon,1
#EatlikeBhukkad,1
#solodate,1
#cafes,1
#mumbai,1
#bomba,1
#pizza,1
#tacos,1
#pizzera,1
#taqueria,1
#animefood,1
#mustry,1
#japanese,1
#gurugram,1
#mealforone,1
#tahini,1
#middleeastern,1
#Valentinedaycontest,1
#bengaluru,1
#newrestaurant,1
#nutellalovers,1
#sweettooth,1
#nutellaprodicts,1
#snacks,1
#comfortfood,1
#hangoverfood,1
#party,1
#ros√©,1
#sparkling,1
#sipping,1
